id;first_name;last_name;email;phone;summary;c_tc;e_ctc;highest_education
1;Elinor;Upton;Jaleel_Schinner5@yahoo.com;1-297-502-6542 x444;Rubber mindshare visionary;69796;11455;payment
2;Juanita;Corwin;Kiley_Lang0@hotmail.com;346-233-3670 x423;Concrete;31040;68627;Oklahoma
3;Bennie;Krajcik;Cecil_Rosenbaum@yahoo.com;1-898-224-7911 x7003;Villages Manager Pound;50983;56287;Wyoming Illinois utilize
4;Loy;Turcotte;Astrid31@yahoo.com;843-662-3287 x725;intranet Account District;68925;3698;payment application
5;Raphaelle;Pollich;Nick_Schultz@gmail.com;1-872-599-0859 x207;e-commerce;17043;53777;Optimization
6;Helene;Johns;Cindy78@yahoo.com;(832) 547-3541;quantify Analyst;10928;96987;Implementation
7;Shyanne;Stokes;Sven_Wisozk@hotmail.com;1-597-543-7842 x829;Throughway;95354;63005;Cambridgeshire Dynamic Florida
8;Mittie;Borer;Kylee80@gmail.com;273.787.7303;Multi-channelled Dynamic;60168;35699;index Tuna Engineer
9;Margarett;Goyette;Aditya75@hotmail.com;418.718.8706 x9660;scalable Toys;14620;45469;ROI Loan Liaison
10;Jazmyne;Pfannerstill;Chance_Schroeder@gmail.com;977-669-8159 x583;payment Dynamic;12528;95062;Ball Brand info-mediaries
