id;code;name;description;date_published;job_start_date;no_of_vacancies
1;SCSI;support hack;sky;2021-04-19;2021-04-19;7274
2;South Kids;HDD transmitting XML;Arizona;2021-04-19;2021-04-19;18545
3;Car;withdrawal;Savings;2021-04-19;2021-04-18;19476
4;visionary;Profit-focused primary Finland;solid;2021-04-19;2021-04-19;10539
5;Roads;Fantastic Object-based Idaho;blockchains defect client-driven;2021-04-19;2021-04-19;66207
6;Auto Harbors Chips;Refined;Cotton Ball;2021-04-19;2021-04-19;99185
7;revolutionize Intelligent;Pants program Tuna;Books back-end;2021-04-19;2021-04-19;7286
8;extensible input;Steel;microchip Keyboard SAS;2021-04-19;2021-04-19;37859
9;unleash Computers;Shore reintermediate;Regional;2021-04-19;2021-04-18;12562
10;Cotton;Fresh Dollar;Grass-roots dot-com back;2021-04-19;2021-04-19;97971
